{
  "project_info": {
    "project_number": "80078589156",
    "project_id": "chat-92d56",
    "storage_bucket": "chat-92d56.appspot.com"
  },
  "client": [
    {
      "client_info": {
        "mobilesdk_app_id": "1:80078589156:android:f0f32f662e803c003e30f1",
        "android_client_info": {
          "package_name": "com.example.chat_app"
        }
      },
      "oauth_client": [
        {
          "client_id": "80078589156-h6icdnl0bj0eg0obb02nmtjb0dnq0k5a.apps.googleusercontent.com",
          "client_type": 3
        }
      ],
      "api_key": [
        {
          "current_key": "AIzaSyBQmm2qkzplZLWjjLqQA2IFhPRkNCgBOvU"
        }
      ],
      "services": {
        "appinvite_service": {
          "other_platform_oauth_client": [
            {
              "client_id": "80078589156-h6icdnl0bj0eg0obb02nmtjb0dnq0k5a.apps.googleusercontent.com",
              "client_type": 3
            }
          ]
        }
      }
    }
  ],
  "configuration_version": "1"
}